order_id,shipping_cost
O0001,454.80
O0002,843.21
O0003,600.19
O0004,592.15
O0005,722.97
O0006,855.05
O0007,565.05
O0008,511.02
O0009,503.57
O0010,641.88
O0011,741.59
O0012,678.67
O0013,987.08
O0014,594.33
O0015,631.25
O0016,997.04
O0017,764.37
O0018,1006.32
O0019,578.93
O0020,497.21
O0021,597.18
O0022,551.68
O0023,372.55
O0024,426.78
O0025,359.01
O0026,289.75
O0027,361.00
O0028,415.26
O0029,582.20
O0030,597.73
O0031,437.23
O0032,766.62
O0033,523.75
O0034,641.20
O0035,741.45
O0036,734.84
O0037,820.08
O0038,500.93
O0039,374.50
O0040,627.63
O0041,762.65
O0042,921.46
O0043,623.36
O0044,599.47
O0045,563.26
O0046,743.70
O0047,612.76
O0048,663.67
O0049,521.39
O0050,538.79
O0051,560.44
O0052,986.40
O0053,545.62
O0054,587.11
O0055,671.06
O0056,628.48
O0057,611.79
O0058,866.47
O0059,855.42
O0060,655.73
O0061,562.46
O0062,629.05
O0063,311.51
O0064,395.89
O0065,447.38
O0066,520.13
O0067,318.55
O0068,575.46
O0069,339.53
O0070,610.48
O0071,529.44
O0072,452.76
O0073,555.33
O0074,554.02
O0075,403.56
O0076,740.72
O0077,714.79
O0078,842.17
O0079,458.23
O0080,486.09
O0081,721.98
O0082,874.63
O0083,625.86
O0084,852.23
O0085,551.90
O0086,637.17
O0087,619.30
O0088,705.04
O0089,767.85
O0090,680.83
O0091,820.70
O0092,1128.34
O0093,677.20
O0094,1013.30
O0095,588.37
O0096,1044.98
O0097,786.82
O0098,515.94
O0099,540.97
O0100,735.83
O0101,296.61
O0102,512.24
O0103,402.76
O0104,311.74
O0105,583.82
O0106,546.15
O0107,438.26
O0108,430.81
O0109,386.62
O0110,460.22
O0111,861.78
O0112,691.75
O0113,533.12
O0114,562.94
O0115,645.07
O0116,692.98
O0117,581.03
O0118,468.93
O0119,560.56
O0120,596.74
O0121,697.07
O0122,842.75
O0123,458.05
O0124,773.04
O0125,902.65
O0126,649.41
O0127,900.42
O0128,634.63
O0129,719.14
O0130,892.51
O0131,732.29
O0132,737.69
O0133,646.11
O0134,610.33
O0135,724.77
O0136,775.69
O0137,769.96
O0138,772.62
O0139,756.37
O0140,907.97
O0141,343.97
O0142,594.66
O0143,483.70
O0144,286.91
O0145,348.64
O0146,394.68
O0147,652.40
O0148,374.16
O0149,436.97
O0150,481.61
O0151,646.51
O0152,670.63
O0153,639.46
O0154,529.45
O0155,651.36
O0156,832.65
O0157,588.25
O0158,731.80
O0159,612.54
O0160,580.36
O0161,475.49
O0162,973.29
O0163,540.47
O0164,593.75
O0165,689.33
O0166,723.88
O0167,678.36
O0168,704.04
O0169,626.66
O0170,785.80
O0171,735.81
O0172,836.44
O0173,759.79
O0174,615.78
O0175,692.84
O0176,806.76
O0177,605.19
O0178,969.56
O0179,700.92
O0180,703.11
O0181,380.74
O0182,547.47
O0183,423.14
O0184,473.77
O0185,527.69
O0186,654.27
O0187,490.68
O0188,341.04
O0189,367.06
O0190,480.60
O0191,684.18
O0192,733.62
O0193,711.53
O0194,461.07
O0195,436.29
O0196,404.76
O0197,676.57
O0198,794.84
O0199,612.36
O0200,450.06
O0201,622.96
O0202,624.35
O0203,881.19
O0204,789.66
O0205,671.26
O0206,717.58
O0207,653.73
O0208,542.23
O0209,579.10
O0210,868.07
O0211,839.70
O0212,775.31
O0213,778.96
O0214,682.60
O0215,1061.18
O0216,603.17
O0217,783.60
O0218,694.17
O0219,635.37
O0220,766.59
O0221,398.12
O0222,535.06
O0223,495.47
O0224,459.21
O0225,437.84
O0226,396.12
O0227,446.97
O0228,360.22
O0229,547.50
O0230,505.40
O0231,543.00
O0232,578.72
O0233,473.41
O0234,628.24
O0235,686.44
O0236,697.57
O0237,589.05
O0238,555.65
O0239,577.10
O0240,548.90
O0241,806.39
O0242,880.28
O0243,581.19
O0244,703.84
O0245,704.71
O0246,958.84
O0247,586.24
O0248,651.89
O0249,791.66
O0250,869.00
O0251,892.82
O0252,903.78
O0253,970.44
O0254,859.45
O0255,930.46
O0256,982.29
O0257,551.64
O0258,911.68
O0259,1128.21
O0260,728.29
O0261,361.54
O0262,600.16
O0263,304.22
O0264,492.68
O0265,581.26
O0266,422.57
O0267,425.47
O0268,628.38
O0269,579.86
O0270,412.32
O0271,772.33
O0272,485.53
O0273,518.74
O0274,753.37
O0275,722.17
O0276,593.22
O0277,723.94
O0278,676.03
O0279,751.19
O0280,511.64
O0281,816.72
O0282,484.53
O0283,705.43
O0284,744.83
O0285,620.03
O0286,888.48
O0287,1009.01
O0288,803.90
O0289,589.86
O0290,798.91
O0291,791.45
O0292,539.21
O0293,1082.27
O0294,555.59
O0295,770.14
O0296,705.51
O0297,613.58
O0298,829.05
O0299,995.18
O0300,955.80
O0301,615.86
O0302,413.21
O0303,376.95
O0304,492.12
O0305,507.13
O0306,597.38
O0307,510.73
O0308,660.27
O0309,445.58
O0310,432.43
O0311,403.22
O0312,644.36
O0313,632.03
O0314,683.74
O0315,896.45
O0316,561.68
O0317,608.92
O0318,610.04
O0319,870.32
O0320,694.78
O0321,839.39
O0322,697.82
O0323,506.44
O0324,603.32
O0325,804.23
O0326,531.63
O0327,639.13
O0328,718.10
O0329,773.32
O0330,559.99
O0331,715.33
O0332,844.79
O0333,522.85
O0334,849.23
O0335,921.22
O0336,728.12
O0337,520.09
O0338,761.14
O0339,845.40
O0340,699.27
O0341,592.71
O0342,457.97
O0343,464.02
O0344,347.90
O0345,417.95
O0346,462.23
O0347,367.49
O0348,329.80
O0349,615.73
O0350,573.27
O0351,776.41
O0352,562.38
O0353,482.80
O0354,401.74
O0355,863.89
O0356,460.26
O0357,747.04
O0358,724.30
O0359,543.10
O0360,883.59
O0361,667.13
O0362,977.86
O0363,646.97
O0364,837.87
O0365,558.42
O0366,702.98
O0367,915.29
O0368,956.76
O0369,769.64
O0370,709.01
O0371,999.20
O0372,1112.34
O0373,688.80
O0374,682.22
O0375,720.06
O0376,1101.32
O0377,958.90
O0378,857.26
O0379,968.61
O0380,726.31
O0381,573.71
O0382,552.13
O0383,650.87
O0384,595.65
O0385,439.67
O0386,537.56
O0387,553.71
O0388,556.84
O0389,389.78
O0390,430.88
O0391,781.65
O0392,751.95
O0393,468.37
O0394,626.67
O0395,903.28
O0396,615.52
O0397,403.45
O0398,647.97
O0399,497.17
O0400,671.43
O0401,762.31
O0402,600.18
O0403,598.04
O0404,467.84
O0405,753.39
O0406,711.25
O0407,676.60
O0408,535.88
O0409,716.24
O0410,727.61
O0411,864.85
O0412,748.91
O0413,668.40
O0414,726.75
O0415,941.87
O0416,629.20
O0417,727.74
O0418,912.01
O0419,1097.70
O0420,871.16
O0421,405.01
O0422,409.73
O0423,427.21
O0424,514.91
O0425,419.21
O0426,663.99
O0427,446.91
O0428,421.72
O0429,399.51
O0430,476.68
O0431,623.62
O0432,663.19
O0433,479.45
O0434,667.96
O0435,697.42
O0436,566.41
O0437,453.82
O0438,669.90
O0439,911.04
O0440,748.24
O0441,748.55
O0442,672.23
O0443,590.75
O0444,690.28
O0445,886.19
O0446,912.34
O0447,728.48
O0448,680.69
O0449,915.68
O0450,1079.11
O0451,969.58
O0452,725.43
O0453,750.78
O0454,818.17
O0455,960.12
O0456,1148.74
O0457,1217.52
O0458,881.15
O0459,909.46
O0460,812.62
O0461,484.26
O0462,559.27
O0463,546.56
O0464,385.59
O0465,424.17
O0466,394.92
O0467,415.18
O0468,362.70
O0469,538.58
O0470,421.89
O0471,516.53
O0472,666.70
O0473,662.02
O0474,535.64
O0475,618.09
O0476,680.14
O0477,533.16
O0478,463.40
O0479,708.82
O0480,848.79
O0481,612.75
O0482,758.91
O0483,498.23
O0484,664.30
O0485,477.36
O0486,797.67
O0487,653.96
O0488,547.70
O0489,464.09
O0490,631.87
O0491,744.89
O0492,815.44
O0493,836.62
O0494,502.95
O0495,836.04
O0496,576.34
O0497,900.48
O0498,499.72
O0499,953.25
O0500,573.16
O0501,521.21
O0502,448.53
O0503,437.19
O0504,550.63
O0505,448.21
O0506,517.24
O0507,452.75
O0508,443.42
O0509,494.00
O0510,566.23
O0511,656.60
O0512,576.15
O0513,511.08
O0514,553.78
O0515,460.71
O0516,635.87
O0517,448.57
O0518,445.43
O0519,681.56
O0520,818.41
O0521,806.01
O0522,595.38
O0523,833.59
O0524,824.88
O0525,774.02
O0526,728.18
O0527,481.64
O0528,430.94
O0529,854.12
O0530,587.85
O0531,749.98
O0532,938.26
O0533,831.47
O0534,765.45
O0535,523.40
O0536,961.62
O0537,766.66
O0538,806.52
O0539,621.67
O0540,934.09
O0541,455.30
O0542,480.13
O0543,516.82
O0544,489.77
O0545,353.85
O0546,498.07
O0547,445.61
O0548,433.82
O0549,517.44
O0550,268.09
O0551,619.54
O0552,730.85
O0553,606.17
O0554,747.84
O0555,550.79
O0556,667.83
O0557,839.27
O0558,549.35
O0559,678.46
O0560,671.57
O0561,587.38
O0562,837.91
O0563,805.82
O0564,464.96
O0565,679.89
O0566,571.31
O0567,907.39
O0568,753.80
O0569,716.32
O0570,473.94
O0571,686.88
O0572,951.72
O0573,582.70
O0574,889.26
O0575,687.49
O0576,1007.12
O0577,736.79
O0578,737.34
O0579,682.75
O0580,521.79
O0581,358.15
O0582,392.88
O0583,423.54
O0584,665.77
O0585,565.66
O0586,345.85
O0587,354.59
O0588,428.88
O0589,617.64
O0590,505.31
O0591,591.21
O0592,532.27
O0593,615.02
O0594,554.33
O0595,828.97
O0596,770.80
O0597,606.97
O0598,602.91
O0599,853.18
O0600,829.91
O0601,1896.78
O0602,1894.09
O0603,3492.85
O0604,2867.02
O0605,2010.34
O0606,2099.07
O0607,4103.30
O0608,2240.05
O0609,2236.40
O0610,3095.52
O0611,595.01
O0612,832.07
O0613,683.38
O0614,608.11
O0615,711.26
O0616,1116.60
O0617,832.77
O0618,886.99
O0619,523.80
O0620,707.80
O0621,384.45
O0622,506.35
O0623,364.49
O0624,603.84
O0625,298.17
O0626,519.35
O0627,447.66
O0628,522.00
O0629,355.97
O0630,527.75
O0631,565.90
O0632,608.93
O0633,837.98
O0634,460.03
O0635,530.73
O0636,427.37
O0637,460.10
O0638,873.45
O0639,549.27
O0640,457.03
O0641,2697.98
O0642,2528.05
O0643,2723.76
O0644,3818.80
O0645,3444.25
O0646,3108.05
O0647,3038.80
O0648,3458.23
O0649,3393.28
O0650,2562.26
O0651,1167.67
O0652,1011.84
O0653,1109.24
O0654,973.36
O0655,823.93
O0656,953.05
O0657,789.07
O0658,846.17
O0659,601.68
O0660,704.35
O0661,350.64
O0662,352.45
O0663,657.52
O0664,324.85
O0665,439.18
O0666,446.23
O0667,362.32
O0668,386.92
O0669,505.35
O0670,377.67
O0671,601.30
O0672,813.37
O0673,528.14
O0674,459.52
O0675,640.96
O0676,482.21
O0677,692.49
O0678,517.14
O0679,708.12
O0680,713.14
O0681,2202.07
O0682,3271.84
O0683,2180.20
O0684,3249.90
O0685,2887.22
O0686,2713.92
O0687,2770.76
O0688,2484.16
O0689,3293.67
O0690,2221.75
O0691,980.82
O0692,962.21
O0693,808.64
O0694,677.72
O0695,605.06
O0696,686.81
O0697,819.37
O0698,900.44
O0699,913.88
O0700,1158.40
O0701,337.44
O0702,418.12
O0703,606.32
O0704,544.72
O0705,337.95
O0706,566.00
O0707,513.61
O0708,494.34
O0709,600.77
O0710,413.18
O0711,438.19
O0712,612.32
O0713,570.64
O0714,626.09
O0715,430.43
O0716,762.97
O0717,460.25
O0718,853.15
O0719,411.03
O0720,703.39
O0721,2699.83
O0722,3759.00
O0723,2179.65
O0724,3674.26
O0725,3176.52
O0726,3660.18
O0727,1903.26
O0728,3557.18
O0729,3278.03
O0730,3288.62
O0731,844.39
O0732,1053.29
O0733,831.25
O0734,873.28
O0735,782.04
O0736,555.21
O0737,753.42
O0738,821.40
O0739,792.02
O0740,627.83
O0741,472.39
O0742,417.06
O0743,618.08
O0744,542.37
O0745,490.18
O0746,394.27
O0747,461.85
O0748,559.96
O0749,467.50
O0750,472.92
O0751,840.36
O0752,459.35
O0753,627.50
O0754,514.92
O0755,556.48
O0756,694.02
O0757,606.88
O0758,742.36
O0759,738.50
O0760,622.73
O0761,2940.21
O0762,2996.83
O0763,2967.63
O0764,2569.66
O0765,3840.03
O0766,3047.30
O0767,3847.44
O0768,2772.94
O0769,2634.91
O0770,3395.15
O0771,858.56
O0772,866.55
O0773,623.90
O0774,759.17
O0775,745.98
O0776,737.93
O0777,803.03
O0778,892.09
O0779,584.39
O0780,887.39
O0781,512.39
O0782,422.75
O0783,319.39
O0784,488.00
O0785,414.92
O0786,554.71
O0787,526.59
O0788,618.26
O0789,658.93
O0790,542.84
O0791,708.75
O0792,557.43
O0793,746.35
O0794,674.15
O0795,879.34
O0796,492.98
O0797,526.64
O0798,490.76
O0799,805.23
O0800,428.02
O0801,3288.41
O0802,3861.90
O0803,3920.88
O0804,2785.56
O0805,2505.22
O0806,2221.20
O0807,3930.15
O0808,3090.80
O0809,2851.28
O0810,3092.29
O0811,585.47
O0812,821.63
O0813,700.56
O0814,1067.61
O0815,1017.45
O0816,533.54
O0817,831.47
O0818,820.84
O0819,753.88
O0820,800.78
O0821,486.62
O0822,416.62
O0823,653.64
O0824,414.84
O0825,710.48
O0826,491.48
O0827,528.37
O0828,412.15
O0829,393.17
O0830,419.17
O0831,745.13
O0832,471.92
O0833,739.11
O0834,684.82
O0835,659.59
O0836,633.02
O0837,753.50
O0838,669.14
O0839,567.61
O0840,656.19
O0841,4464.26
O0842,3047.31
O0843,2355.29
O0844,2146.41
O0845,3379.20
O0846,2791.80
O0847,2799.55
O0848,2111.78
O0849,4019.79
O0850,2929.86
O0851,653.49
O0852,935.67
O0853,1081.99
O0854,841.92
O0855,1091.20
O0856,692.47
O0857,643.31
O0858,900.29
O0859,1078.84
O0860,1021.81
O0861,346.81
O0862,427.61
O0863,517.98
O0864,415.34
O0865,569.57
O0866,380.51
O0867,358.01
O0868,559.60
O0869,484.45
O0870,513.41
O0871,550.61
O0872,564.35
O0873,650.68
O0874,836.11
O0875,738.29
O0876,952.96
O0877,694.23
O0878,809.18
O0879,799.20
O0880,948.80
O0881,3499.16
O0882,2050.36
O0883,3058.56
O0884,3042.93
O0885,2670.17
O0886,4117.65
O0887,3030.12
O0888,3675.48
O0889,3388.37
O0890,4230.98
O0891,814.24
O0892,701.09
O0893,1069.28
O0894,941.57
O0895,1165.56
O0896,834.59
O0897,562.01
O0898,758.12
O0899,887.09
O0900,1104.19
O0901,501.17
O0902,387.80
O0903,452.22
O0904,552.30
O0905,323.86
O0906,623.40
O0907,551.49
O0908,408.72
O0909,414.54
O0910,535.67
O0911,726.57
O0912,662.64
O0913,759.62
O0914,476.68
O0915,805.06
O0916,602.43
O0917,805.94
O0918,708.46
O0919,800.12
O0920,832.88
O0921,2669.77
O0922,4516.79
O0923,3571.88
O0924,2739.74
O0925,3678.89
O0926,3626.12
O0927,2546.15
O0928,3595.81
O0929,3582.06
O0930,2919.86
O0931,1167.42
O0932,805.26
O0933,918.46
O0934,975.62
O0935,1078.98
O0936,780.03
O0937,864.43
O0938,831.87
O0939,985.69
O0940,1221.75
O0941,536.07
O0942,351.17
O0943,447.28
O0944,330.63
O0945,397.79
O0946,577.71
O0947,454.89
O0948,587.24
O0949,402.88
O0950,317.23
O0951,576.02
O0952,497.87
O0953,594.03
O0954,560.69
O0955,587.79
O0956,762.22
O0957,730.33
O0958,551.39
O0959,664.06
O0960,501.14
